wittel_bot|Boop|Beep|Wittel_Bot|False|True|False|True|False|False
sicae|Ananias|Sicae|Wycliffe|False|True|False|True|False|False
wittel3|Commander|Little|Wittel|False|True|False|True|False|False
sicae_bot|Ananananias|'The_Raging_Cleric'|Sicae_Bot|False|True|False|True|False|False
joker_579|Sammy|Joker|Marshwood|False|True|False|True|False|False
synysterdreamer|Roger|Synyster|Dreamer|False|True|False|True|False|False
aaronc123425|[Corvallis]|[Shrapnel]|[Steelcore]|False|True|False|True|False|False
add13uk|Adam|Add13UK|Holt|False|True|False|True|False|False
vepziidoo|Vepz|Vepziidoo|Iidoo|False|True|False|True|False|False
knight_of_meh|knight|pleaseno|ohgod|False|True|False|True|False|False
alphafenrir401|MechaAlpha|ED-209|Fenrirbot|False|True|False|True|False|False
kiamelik2|Kiamelik|Fedora|Dresden|False|True|False|True|False|False
dylandood|Dylan|[The]|Dood|True|False|False|True|False|False
bouncertree66|-|[-]|Bouncertree66|True|False|False|True|False|False
ryan4571|Jack|[-]|King|True|False|False|True|False|False
zeckls|-|-|-|True|False|False|True|False|False
testerforstuff|Jess|'Midget'|Davidson|True|False|False|True|False|False
meidiafro|Frank|[meidiafro]|Green|True|False|False|True|False|False
4watts|Jax|[Joker]|Jenkins|True|False|False|True|False|False
fothu|-|'Mr.Tuba'|Fothu|True|False|False|True|False|False
44warlord|44|[Bigdaddy]|Warlord|True|False|False|True|False|False
fraerog|George|[Fraer]|Pavlov|True|False|False|True|False|False
shenryyr|extra|'Derpy'|shenryyr|True|False|False|True|False|False
sh00tmedown|-|'-'|Sh00tMeDown|True|False|False|True|False|False
fpacks|-|'-'|Fpacks|True|False|False|True|False|False
tazmokhan|-|'-'|Tazmokhan|True|False|False|True|False|False
killerthad1|killerthad|[Mr.T]|T|True|False|False|True|False|False
iseii|-|'-'|Iseii|True|False|False|True|False|False
rofalot|-|'SpaceCadet'|Rofalot|True|False|False|True|False|False
lilgeret|-|'-'|Lilgeret|True|False|False|True|False|False
hetrodyne|Mark|[Hetrodyne]|Saunders|True|False|False|True|False|False
intacto85|-|'Shaiba'|Intacto|True|False|False|True|False|False
maltwo|-|-|-|True|False|False|True|False|False
pogonabarbata|Varanus|[Dragon]|Komodoensis|True|False|False|True|False|False
morteneh|Morten|[uwotm8]|Eh|True|False|False|True|False|False
n7_average_azn|-|'Commander'|N7_John|True|False|False|True|False|False
perish12|Flex|Keepo|Plexico|True|False|False|True|False|False
shanesgames|Shane|ShanesGames|Andrews|True|False|False|True|False|False
kataclysm88|Malicious|'BigThunder'|Kataclysm|True|False|False|True|False|False
hawawaa|Chris|[How]|Hawawaa|True|False|False|True|False|False
1lucky225|Yuki|[GGnoRe]|Rose|True|False|False|True|False|False
testerforstuff|Kayla|'Neo'|Lewis|True|False|False|True|False|False
steave435|*|[*]|Steave|True|False|False|True|False|False
hybrid_3d|Jacob|Hybrid|Blaine|True|False|False|True|False|False
i_dont_like_cars|Don't|[Noob]|Like_Cars|True|False|False|True|False|False
louisiv66|-|[-]|Omega|True|False|False|True|False|False
zerothe2nd|Zero|[pirate]|the2nd|True|False|False|True|False|False
dreadnought_cyberdisk|Sacred|[Blossom]|Sakura|True|False|False|True|False|False
terska123|-|'-'|Terska|True|False|False|True|False|False
idontwanttousenumbers|Numbers|'Braveheart'|McCormack|True|False|False|True|False|False
warking0013|-|[Unknown]|Warking|True|False|False|True|False|False
cooltwome|Cooltwome|[Eutopist]|Matthews|True|False|False|True|False|False
unreg1stered|Nate|Duckface|Unreg1stered|True|False|False|True|False|False
aeirouorlay|Aeirou|[Vowels]|Orlay|True|False|False|True|False|False
rhynim|Strider|Rhynim|Blackthron|True|False|False|True|False|False
wevusch|-|Saibot|Wevusch|True|False|False|True|False|False
steeleviatwitch|-|Mifty|Fandango|True|False|False|True|False|False
damagicbadger|Kreig|Platypus|Badger|True|False|False|True|False|False
komap2014|-|Peter|Petrely|True|False|False|True|False|False
nahgf13|Nahgf|Revelations|13|True|False|False|True|False|False
catcalliope|Cat|BananaStand|Calliope|True|False|False|True|False|False
pyromancerii|Maya|[BountyHunter]|Vesinger|True|False|False|True|False|False
instantrespawn|Ryan|[Oreo]|Jackson|True|False|False|True|False|False
hambilus|Sir|[Bacon]|Pigfood|True|False|False|True|False|False
markgamer|Marks|[Bonus]|Mendes|True|False|False|True|False|False
shacks210|Oswald|'Barmy'|Pennywise|True|False|False|True|False|False
leballer|James|[Leballer]|Berger|True|False|False|True|False|False
heroictechnology|Riccardo|[Roll]|Astlero|True|False|False|True|False|False
raggs168|-|-|Raggs168|True|False|False|True|False|False
kynstrafe|Kyn|[Vagrant]|Strafe|True|False|False|True|False|False
beaglerush|Johnny|[B.M.Z.]|Beaglerush|True|False|False|True|False|False
natbelmont|Nat|[Wanderer]|Belmont|True|False|False|True|False|False
wymar|Wymar|[NotReally]|Sane|True|False|False|True|False|False
butthole_justice|Butthole|[?]|Justice|True|False|False|True|False|False
bossplayerog|Harry|[BossPlayerOG]|Baldaserre|True|False|False|True|False|False
hyozanru|Butts|Camper|McGee|True|False|False|True|False|False
brewschies1|Ser|[intoxicated]|McBrewschies|True|False|False|True|False|False
thatusername9595|Mark|[MarkyMark]|Wahlberg|True|False|False|True|False|False
hollow987|Jonah|Nomad|Adams|True|False|False|True|False|False
agentcroque|Agent|Lumberjack|Croque|True|False|False|True|False|False
pivotdude37|Austin|[AngryIntern]|Pivotdude|True|False|False|True|False|False
ahmad11v2|-|[-]|aHMAD11V2|True|False|False|True|False|False
dudemanjones_in|Dudeman|[Cannon]|Jones|True|False|False|True|False|False
yointu|Jenny|[Bombshell]|Shizz|True|False|False|True|False|False
charlieotero|Even|[Jedi]|Piell|True|False|False|True|False|False
paladinmikhail|Mikael|[Downtown]|Alexander|True|False|False|True|False|False
arbitrarycoder5|Arbitrary|[Prototype]|Coder|True|False|False|True|False|False
aubreyangst|Aubrey|[Monster]|Angst|True|False|False|True|False|False
philliesfan_2000|Beyah|[phillies]|jones|True|False|False|True|False|False
notarealwizard|the|mighty|boosh|True|False|False|True|False|False
shamelesssoul|Seamus|[Shameless]|Sowell|True|False|False|True|False|False
prlmus|D'Jennifer|[PRIMUS]|Ladanistan|True|False|False|True|False|False
nekoslime|Joey|Joey|Wheeler|True|False|False|True|False|False
mlgertzert|The|[Unstoppable]|Turle|True|False|False|True|False|False
lexxreal|Mr|[MAXX]|Headroom|True|False|False|True|False|False
alex1862|-|-|Alex1862|True|False|False|True|False|False
vxcom87654321|Mr.Xcom|Fireless|Vxcom|True|False|False|True|False|False
derpstixindustries|Tubbs|Porky|Mcgee|True|False|False|True|False|False
321nick|the|[alien]|sympathizer|True|False|False|True|False|False
narashi1000|Narashi|[ShadowStalker]|Merano|True|False|False|True|False|False
ferris775|Max|"MadMax"|Rockatansky|True|False|False|True|False|False
unfool|Atlas|"Unfool"|Shrugged|True|False|False|True|False|False
theciroth|Rocket|[InDaOpen]|Ciroth|True|False|False|True|False|False
f7dragon|-|Sentient|Traveller|True|False|False|True|False|False
kenboy58|-|-|-|True|False|False|True|False|False
nanopaladin|John|"Nano"|Ashford|True|False|False|True|False|False
derpestein|DERP|[NICKNAME]|ESTEIN|True|False|False|True|False|False
somestonedsloth|Todd|"HalfBaked"|Bennet|True|False|False|True|False|False
crazytrickster127|Sam|"Hammer"|van_damm|True|False|False|True|False|False
benvilhaven|Ben|[Space]|Vilhaven|True|False|False|True|False|False
thedrizzle789|The|[Omega]|Drizz|True|False|False|True|False|False
malsharpe|-|Mal|Sharpe|True|False|False|True|False|False
topspec|dang|[darn]|digity|True|False|False|True|False|False
jaxxons11|Ben|[Smitty]|Dover|True|False|False|True|False|False
taker1270|Johnny|[J3T]|Three-Tears|True|False|False|True|False|False
mechatoast|-|Mecha|Toast|True|False|False|True|False|False
hdelectro|Hugh|[Thnman]|Man|True|False|False|True|False|False
rpger4life|Shane|RPGer4Life|O'Mac|True|False|False|True|False|False
lendleaselune|LENDLEASE|[followthemoney]|LUNE|True|False|False|True|False|False
tankster1990|Tank|Tank|Ster|True|False|False|True|False|False
foxy_the_piratecove_fox|Foxy|The|Pirate|True|False|False|True|False|False
stalkersphere|-|dragoon|-|True|False|False|True|False|False
filthyrobot|Salty|[Shots4Subs]|FilthyRobot|True|False|False|True|False|False
hss424|Bob|[of]|Doom|True|False|False|True|False|False
zandert4|Zander|Tee|Four|True|False|False|True|False|False
quartzito|Quartz|Slapper|Cross|True|False|False|True|False|False
tobius_maximus|Tobius|[schlemiel]|Maximus|True|False|False|True|False|False
danielplain|Daniel|[BibleThump]|Plain|True|False|False|True|False|False
shlomo122|-|[TakeMe]|Shlomo|True|False|False|True|False|False
zero13827|-|Delair|Chaplin|True|False|False|True|False|False
khainegb|Khaine|BulletSponge|GB|True|False|False|True|False|False
xx55hobosxx|-|-|55hobos|True|False|False|True|False|False
spinx42|-|-|Spinx|True|False|False|True|False|False
pigfood|-|[Shredder]|Pigfood|True|False|False|True|False|False
liverd|DR|[liverd]|EVIL|True|False|False|True|False|False
pokergame360|Dylan|-|Pokes|True|False|False|True|False|False
lobonez|Fatman|[Daishi]|Lobonez|True|False|False|True|False|False
splattercatwacher|-|[DeathOp]|Splatercat|True|False|False|True|False|False
wetknight123|Wet|[PINKY]|Knight|True|False|False|True|False|False
lordk4g3|Lord|[TheExecutioner]|Kage|True|False|False|True|False|False
homeboy8497|Fast|Master|Kirito|True|False|False|True|False|False
mattw1000|Medbay|Ouchie|Resident|True|False|False|True|False|False
justarandom1|Just|TheBloody|RNG|True|False|False|True|False|False
omichron|Omi|[Lurker]|Chron|True|False|False|True|False|False
theredknightofcleveland|Tris|"RedKnight"|Speaker|True|False|False|True|False|False
jaycastle|Sanctume|[Dorf]|Stone|True|False|False|True|False|False
thelonandonly|-|-|thelonandonly|True|False|False|True|False|False
lordramex|.|[LorD]|RameX|True|False|False|True|False|False
arnouxbardoel|-|-|ArnouxBardoel|True|False|False|True|False|False
xstream23|-|-|XsTream|True|False|False|True|False|False
eisenefaust|Eisene|EiseneFaust|Faust|True|False|False|True|False|False
taigia527|Taigia|[Slinger]|Reilly|True|False|False|True|False|False
kcondren|Kon|[KHAN]|Condren|True|False|False|True|False|False
frozenwolf50|Frozen|"Deadshot"|Wolf|True|False|False|True|False|False
merlin909474|-|Hyper|Merlin|True|False|False|True|False|False
ski751|Runic|King|Ski|True|False|False|True|False|False
lizity626|Elizabeth|[Witchie]|Harding|True|False|False|True|False|False
yvoris|Julie|"Yvoris"|Rene|True|False|False|True|False|False
zataxia|Lee|[Bearbear]|Voh|True|False|False|True|False|False
jaylen1125|Jaylen|[---]|Singleton|True|False|False|True|False|False
roerram|Jaggling|[Roerram]|Spirit|True|False|False|True|False|False
the_last_hokage|Stephen|[Hokage]|Hodini|True|False|False|True|False|False
kansokusha10|Kans|Steiner|Okusha|True|False|False|True|False|False
saleen66|.|SnakeEyes|Saleen66|True|False|False|True|False|False
nightwolf11113|-|-|nightwolf|True|False|False|True|False|False
russellives|-|-|-|True|False|False|True|False|False
masterwolfz15|-|master|wolf|True|False|False|True|False|False
laqueefa95|Shangela|[KiKi]|LaQueefa|True|False|False|True|False|False
gleely|Paul|[Mallcop]|Blart|True|False|False|True|False|False
joshleb1098|Josh|[Zero]|LeBlanc|True|False|False|True|False|False
iamnoone2|-|[LongShot]|No_One|True|False|False|True|False|False
workshops|Matthias|"Workshops"|Faust|True|False|False|True|False|False
hacapoco1234|Haca|"MecPunch"|Poco|True|False|False|True|False|False
whatreason|Iron|[ForWhatReason]|Man|True|False|False|True|False|False
icemaverick13|Poorly_Lit|"Bald"|Man|True|False|False|True|False|False
asoaldan|Verbal|[Asoaldan]|Kint|True|False|False|True|False|False
rezadarkside|Reza|[Noob]|Darkside|True|False|False|True|False|False
megasxxlr|Megas|[Xtra]|XLR|True|False|False|True|False|False
canuckwild|Canuck|[TheWoodsman]|Wild|True|False|False|True|False|False
sir_yakmeister|-|Sir|Yak|True|False|False|True|False|False
bizzaro99|Bizzaro|[ILoveYou]|Bizzaro|True|False|False|True|False|False
obelixdk|Thomas|[ObelixDk]|Toft|True|False|False|True|False|False
lichsmash|Smash|tombstone|Lich|True|False|False|True|False|False
superlego23|Sampson|[SL23]|Greene|True|False|False|True|False|False
lzjager|LZ|[Machine]|Jager|True|False|False|True|False|False
jochasra|Jo|Tigger|Chasra|True|False|False|True|False|False
undeadwolfv|-|[Wolfy]|[Wolfster]|True|False|False|True|False|False
dopefisherman|Dope|[Minister]|Fuller|True|False|False|True|False|False
oneyou12|-|Onua|Chamt|True|False|False|True|False|False
dutsker|Duke|"3D"|Nukem|True|False|False|True|False|False
chadraln|Chris|[Hanging]|Chadraln|True|False|False|True|False|False
breakablec|-|Ignas|Smith|True|False|False|True|False|False
geckolocation|-|Gecko|Location|True|False|False|True|False|False
phlssc|Protect|Fatherland|Arstotzka|True|False|False|True|False|False
pieater31415|Pi|[Number]|Eater|True|False|False|True|False|False
occultnative|fire|[mrnaked]|fox|True|False|False|True|False|False
veirune|Princess|[Toadstool]|Peach|True|False|False|True|False|False
smelterskelter|Smelter|[---]|Skelter|True|False|False|True|False|False
zuccci|ZUCCI|[SKDUSCH]|SALOMON|True|False|False|True|False|False
scarparides|Scarpa|[Sureshot]|Rides|True|False|False|True|False|False
unkn0wn0110|Black|[Ghost]|Hammer|True|False|False|True|False|False
minerofblocks|Conor|meyvitiik|Kerlin|True|False|False|True|False|False
suchwowmuchdoge|Suchwow|[---]|Muchet|True|False|False|True|False|False
offtanker1|Patrick|[Spike]|Offtanker|True|False|False|True|False|False
tomjars|Tom|"TheWizard"|Potter|True|False|False|True|False|False
fapallzin|DSU|Major|Void|True|False|False|True|False|False
capitanskittles|Captain|[Meatshield]|Skittles|True|False|False|True|False|False
icegas293|Nickola|[ICEGAS]|Duke|True|False|False|True|False|False
blademaster123456|Shia|[Blade]|Ladouche|True|False|False|True|False|False
neurolancer|neuro|pinstripes|lancer|True|False|False|True|False|False
tehradranger|Teh|[Zawsze]|Radish|True|False|False|True|False|False
jhynlevice|Jhyn|Le|Vice|True|False|False|True|False|False
graalggtv|-|graal|corleone|True|False|False|True|False|False
b0b_b3ar|Bob|[Grizzly]|Bear|True|False|False|True|False|False
theemo33|Thadius|[Theemo]|Maximus|True|False|False|True|False|False
whiteranger010|Ben|Ranger|Howard|True|False|False|True|False|False
mirabad|Nathrak|[Overkill]|Mirabad|True|False|False|True|False|False
tresdezara|-|Tresdezara|-|True|False|False|True|False|False
228zip|228|dot|zip|True|False|False|True|False|False
fshy|-|Fshy|Nuketastical|True|False|False|True|False|False
toopbastegod|Ikari|[EVA-01]|Shinji|True|False|False|True|False|False
roastedcrazy01|Roasted|[maybe]|Crazy|True|False|False|True|False|False
rednahcop|Chander|[Red]|Pinheiro|True|False|False|True|False|False
morganfreemanboy|Morgan|LordAlmighty|Freeman|True|False|False|True|False|False
littlewingec|Rayna|[Littlewing]|Merek|True|False|False|True|False|False
idejder|-|Low%Shot|Idejder|True|False|False|True|False|False
forgedbl4de|John|[Fury]|Cherman|True|False|False|True|False|False
unknownauthor|Unknown|[Quill]|Author|True|False|False|True|False|False
pwn1234321|Gehrman|[POONY]|Kitteh|True|False|False|True|False|False
the_devine_shadow1|Devine|[BFG]|Shadow|True|False|False|True|False|False
tehm00k|Teh|[Goon]|Mook|True|False|False|True|False|False
sheepicus|Sheepicus|[Wooltron9001]|Bahimus|True|False|False|True|False|False
hardstones|Hard|[SOLID]|Stones|True|False|False|True|False|False
schelmo2|-|-|-|True|False|False|True|False|False
texassnyper|Atmosk|TexasSnyper|Burke|True|False|False|True|False|False
alandauron|Dustin|[Deadeye]|Spates|True|False|False|True|False|False
jordanmillward_1|Jordan|[Milly]|Millward|True|False|False|True|False|False
dustythehamster|Dusty|[Sneaky]|Hamster|True|False|False|True|False|False
bbsoccergamer|Lee|[Fenix]|Knepper|True|False|False|True|False|False
arekonator|Urist|Infidel|Arekonator|True|False|False|True|False|False
deramanap|Panama|PBR|Red|True|False|False|True|False|False
mikeymomo98|Mikey|[Bigboy]|MoMo|True|False|False|True|False|False
basgen_|Sebastian|[Basgen]|Carter|True|False|False|True|False|False
burner181|-|Skygge|ShadowLight|True|False|False|True|False|False
xcomsquaddie|Xcom|[Squaddie]|Vic|True|False|False|True|False|False
bahuntome28|-|Bahuntome|Koshkii|True|False|False|True|False|False
stormwind_ixi|Storm|Burnout|wind_IXI|True|False|False|True|False|False
egan_bw|-|IRS|Agent|True|False|False|True|False|False
xavgui|Xavier|[Wendigo]|Guimont|True|False|False|True|False|False
mehdi_fr|Mehdi|(Baguette)|Superfly|True|False|False|True|False|False
a321pilot|Jess|[A321Pilot]|Pilot|True|False|False|True|False|False
chickencoops|Coop|(Food)|Chicken|True|False|False|True|False|False
magisterogamesh|Magister|Warmage|Ogamesh|True|False|False|True|False|False
darkfireslide|DARK|[FIRE]|SLIDE|True|False|False|True|False|False
general_tach|General|[Overseer]|Tach|True|False|False|True|False|False
minizke|Ty|[Red]|Redfield|True|False|False|True|False|False
irlbeer13|Beer|[Drunkard]|McGuinness|True|False|False|True|False|False
silvaman3|Silva|[The]|Man|True|False|False|True|False|False
kkraww|Kkraww|[Sharpeye]|Hoptroff|True|False|False|True|False|False
jeff_the_hobo|Henry|[Indiana]|JonesJr.|True|False|False|True|False|False
hostilegforce|GARRET|[Hostile]|SPENST|True|False|False|True|False|False
flossiethesheep|Flossie|[Sheepsie]|TheSheep|True|False|False|True|False|False
k1ngzer0|K1ng|[Deadshot]|Zer0|True|False|False|True|False|False
andkvi98|Nano|[Wind-Up]|Shinonome|True|False|False|True|False|False
sad_nico|Nico|[Doc]|Angelo|True|False|False|True|False|False
zombate|Maverick|[GlassJaw]|Ao|True|False|False|True|False|False
twohundertseventy|Ernst|[270]|Thälmann|True|False|False|True|False|False
bichinrichan|James|[Bichin]|Richan|True|False|False|True|False|False
thatusername5959|Hunter|[Scooter]|Scott|True|False|False|True|False|False
boom16|Lynn|[OneShot]|Scarlet|True|False|False|True|False|False
deadgoalie|-|Derp|Deadgoalie|True|False|False|True|False|False
amaras_linwelin|Amaras|Derp|Linwelin|True|False|False|True|False|False
lecoccoa|-|Conquistador|Lecoccoa|True|False|False|True|False|False
rivereagles999|-|-|rivereagles999|True|False|False|True|False|False
arcanewarrior303|Arcane|[Void]|Warrior|True|False|False|True|False|False
karamintherain|Daegill|[Karam]|Shin|True|False|False|True|False|False
rheitink123|Ryan|[Master]|Heitink|True|False|False|True|False|False
madamefuks|-|[-]|Fuks|True|False|False|True|False|False
dominicr1001|Dominic|[Coolio]|Lance|True|False|False|True|False|False
jake427252|Jake|[-]|427252|True|False|False|True|False|False
jijay2003|Super|Jijay2003|Gamer|True|False|False|True|False|False
noganeto1|Rodney|"Lightning"|Calahan|True|False|False|True|False|False
usuno|BOB|[HOUNDS]|USUNO|True|False|False|True|False|False
